{
  "total_signals": 1,
  "win_rate": 0.0,
  "avg_rr": 2.0000000085394563,
  "expectancy": -1.0,
  "max_win_streak": 0,
  "max_loss_streak": 1,
  "avg_confidence": 0.808996383363472,
  "max_drawdown": 1171.0334100000036,
  "profit_factor": 0.0,
  "sharpe_ratio": 0.0,
  "final_equity": -1071.0334100000036,
  "per_pair_stats": {
    "BTCUSD": {
      "SL": 1
    }
  },
  "equity_curve": [
    100.0,
    -1071.0334100000036
  ]
}