{
  "EURUSD": {
    "technical": {
      "count": 14,
      "price_changes": [
        0.14104792588562595,
        0.14104792588562595,
        0.14104792588562595,
        0.14104792588562595,
        0.14104792588562595,
        0.14104792588562595,
        0.14104792588562595,
        0.14104792588562595,
        0.14104792588562595,
        0.14104792588562595,
        0.14104792588562595,
        0.14104792588562595,
        0.14104792588562595,
        0.14104792588562595
      ],
      "success_rate": 1.0,
      "avg_price_change": 0.14104792588562592
    },
    "trend": {
      "count": 14,
      "price_changes": [
        0.14104792588562595,
        0.14104792588562595,
        0.14104792588562595,
        0.14104792588562595,
        0.14104792588562595,
        0.14104792588562595,
        0.14104792588562595,
        0.14104792588562595,
        0.14104792588562595,
        0.14104792588562595,
        0.14104792588562595,
        0.14104792588562595,
        0.14104792588562595,
        0.14104792588562595
      ],
      "success_rate": 1.0,
      "avg_price_change": 0.14104792588562592
    },
    "volatility": {
      "count": 14,
      "price_changes": [
        0.14104792588562595,
        0.14104792588562595,
        0.14104792588562595,
        0.14104792588562595,
        0.14104792588562595,
        0.14104792588562595,
        0.14104792588562595,
        0.14104792588562595,
        0.14104792588562595,
        0.14104792588562595,
        0.14104792588562595,
        0.14104792588562595,
        0.14104792588562595,
        0.14104792588562595
      ],
      "success_rate": 1.0,
      "avg_price_change": 0.14104792588562592
    },
    "regime": {
      "count": 14,
      "price_changes": [
        0.14104792588562595,
        0.14104792588562595,
        0.14104792588562595,
        0.14104792588562595,
        0.14104792588562595,
        0.14104792588562595,
        0.14104792588562595,
        0.14104792588562595,
        0.14104792588562595,
        0.14104792588562595,
        0.14104792588562595,
        0.14104792588562595,
        0.14104792588562595,
        0.14104792588562595
      ],
      "success_rate": 1.0,
      "avg_price_change": 0.14104792588562592
    },
    "rsi": {
      "count": 14,
      "price_changes": [
        0.14104792588562595,
        0.14104792588562595,
        0.14104792588562595,
        0.14104792588562595,
        0.14104792588562595,
        0.14104792588562595,
        0.14104792588562595,
        0.14104792588562595,
        0.14104792588562595,
        0.14104792588562595,
        0.14104792588562595,
        0.14104792588562595,
        0.14104792588562595,
        0.14104792588562595
      ],
      "success_rate": 1.0,
      "avg_price_change": 0.14104792588562592
    }
  },
  "USDJPY": {
    "technical": {
      "count": 14,
      "price_changes": [
        0.06335339265937096,
        0.06335339265937096,
        0.06335339265937096,
        0.06335339265937096,
        0.06335339265937096,
        0.06335339265937096,
        0.06335339265937096,
        0.06335339265937096,
        0.06335339265937096,
        0.06335339265937096,
        0.06335339265937096,
        0.06335339265937096,
        0.06335339265937096,
        0.06335339265937096
      ],
      "success_rate": 1.0,
      "avg_price_change": 0.06335339265937098
    },
    "trend": {
      "count": 14,
      "price_changes": [
        0.06335339265937096,
        0.06335339265937096,
        0.06335339265937096,
        0.06335339265937096,
        0.06335339265937096,
        0.06335339265937096,
        0.06335339265937096,
        0.06335339265937096,
        0.06335339265937096,
        0.06335339265937096,
        0.06335339265937096,
        0.06335339265937096,
        0.06335339265937096,
        0.06335339265937096
      ],
      "success_rate": 1.0,
      "avg_price_change": 0.06335339265937098
    },
    "volatility": {
      "count": 14,
      "price_changes": [
        0.06335339265937096,
        0.06335339265937096,
        0.06335339265937096,
        0.06335339265937096,
        0.06335339265937096,
        0.06335339265937096,
        0.06335339265937096,
        0.06335339265937096,
        0.06335339265937096,
        0.06335339265937096,
        0.06335339265937096,
        0.06335339265937096,
        0.06335339265937096,
        0.06335339265937096
      ],
      "success_rate": 1.0,
      "avg_price_change": 0.06335339265937098
    },
    "regime": {
      "count": 14,
      "price_changes": [
        0.06335339265937096,
        0.06335339265937096,
        0.06335339265937096,
        0.06335339265937096,
        0.06335339265937096,
        0.06335339265937096,
        0.06335339265937096,
        0.06335339265937096,
        0.06335339265937096,
        0.06335339265937096,
        0.06335339265937096,
        0.06335339265937096,
        0.06335339265937096,
        0.06335339265937096
      ],
      "success_rate": 1.0,
      "avg_price_change": 0.06335339265937098
    },
    "rsi": {
      "count": 14,
      "price_changes": [
        0.06335339265937096,
        0.06335339265937096,
        0.06335339265937096,
        0.06335339265937096,
        0.06335339265937096,
        0.06335339265937096,
        0.06335339265937096,
        0.06335339265937096,
        0.06335339265937096,
        0.06335339265937096,
        0.06335339265937096,
        0.06335339265937096,
        0.06335339265937096,
        0.06335339265937096
      ],
      "success_rate": 1.0,
      "avg_price_change": 0.06335339265937098
    }
  },
  "USDCHF": {
    "technical": {
      "count": 11,
      "price_changes": [
        0.01826771267196494,
        0.01826771267196494,
        0.01826771267196494,
        0.01826771267196494,
        0.01826771267196494,
        0.01826771267196494,
        0.01826771267196494,
        0.01826771267196494,
        0.01826771267196494,
        0.01826771267196494,
        0.01826771267196494
      ],
      "success_rate": 1.0,
      "avg_price_change": 0.018267712671964944
    },
    "trend": {
      "count": 11,
      "price_changes": [
        0.01826771267196494,
        0.01826771267196494,
        0.01826771267196494,
        0.01826771267196494,
        0.01826771267196494,
        0.01826771267196494,
        0.01826771267196494,
        0.01826771267196494,
        0.01826771267196494,
        0.01826771267196494,
        0.01826771267196494
      ],
      "success_rate": 1.0,
      "avg_price_change": 0.018267712671964944
    },
    "volatility": {
      "count": 11,
      "price_changes": [
        0.01826771267196494,
        0.01826771267196494,
        0.01826771267196494,
        0.01826771267196494,
        0.01826771267196494,
        0.01826771267196494,
        0.01826771267196494,
        0.01826771267196494,
        0.01826771267196494,
        0.01826771267196494,
        0.01826771267196494
      ],
      "success_rate": 1.0,
      "avg_price_change": 0.018267712671964944
    },
    "regime": {
      "count": 11,
      "price_changes": [
        0.01826771267196494,
        0.01826771267196494,
        0.01826771267196494,
        0.01826771267196494,
        0.01826771267196494,
        0.01826771267196494,
        0.01826771267196494,
        0.01826771267196494,
        0.01826771267196494,
        0.01826771267196494,
        0.01826771267196494
      ],
      "success_rate": 1.0,
      "avg_price_change": 0.018267712671964944
    },
    "rsi": {
      "count": 11,
      "price_changes": [
        0.01826771267196494,
        0.01826771267196494,
        0.01826771267196494,
        0.01826771267196494,
        0.01826771267196494,
        0.01826771267196494,
        0.01826771267196494,
        0.01826771267196494,
        0.01826771267196494,
        0.01826771267196494,
        0.01826771267196494
      ],
      "success_rate": 1.0,
      "avg_price_change": 0.018267712671964944
    }
  },
  "NZDUSD": {
    "technical": {
      "count": 12,